,0,1
0,8.202520935375357,1.8904933337443328
1,3.548741206785394,6.066881778001594
2,-7.071238203439763,5.417497229626289
3,-7.037824708177332,-2.489115764686124
4,-7.808101498561223,-7.48833080807458
5,2.226773016104417,-0.44248975982239
6,-7.095325862421311,2.512738480974768
7,-4.847233947246621,7.980979552970773
8,-5.424978571627889,5.07487133549219
9,-1.433852848125099,11.480933232213545
10,-5.2245855051608165,6.034108027415567
11,-8.794977215751551,7.710321442733729
12,-8.464632237546681,7.307169691450195
13,-2.31667631737243,-6.803977124735189
14,1.383670416452187,-0.5631169793954847
15,-4.27841782838859,-8.410149320149944
16,0.5395292030786205,-6.970089807488174
17,10.451388489534844,-0.1899258733158095
18,5.456846662541679,-9.947062588425936
19,-8.413316637283437,1.653826426833069
20,0.7973351981733039,7.2419834528364575
21,-4.643485749433571,-7.55232897916063
22,2.2509145123762835,1.4949552876685033
23,6.856071455317242,-6.455391570930541
24,5.463384000078399,6.899502118026724
25,-2.076807836061686,-3.334834851526264
26,-1.6683086323964496,-0.994300155369178
27,-7.363430766789815,5.912313929143934
28,-5.48471519826741,-5.798625133341213
29,1.7614153643171877,11.282489415783978
30,-3.761115676856871,-8.26873600831438
31,5.616913013091228,5.06107336596639
32,-4.255890096544712,-8.125054204549
33,6.283205842997418,-4.02176295877158
34,8.081004729126004,-8.844233949886036
35,-6.877301672710599,8.242867416502285
36,-4.440275291783176,0.2618887771661988
37,8.030564507861627,-4.413866764118554
38,1.9828019939630543,8.055343067307593
39,11.290199228411884,-1.142634887820222
40,-1.1833053414715202,10.749748198639884
41,10.730312183285289,0.1769978189705838
42,7.468657595502886,5.053041215793428
43,-5.985028988734179,10.35300755592025
44,-5.379588327014496,2.1798479467515897
45,-9.810454191101332,-1.692319667341394
46,-7.982882875833316,6.269908085091664
47,6.175620689402621,2.053769603837232
48,6.2532007182847735,-2.336040066215599
49,-7.094671167911671,-3.5774135045544107
50,-5.160812509958804,-8.95418422830538
51,-0.2212966116540364,4.3222540733802965
52,-9.22721640469976,7.228723290596143
53,1.737140818104642,-0.5361233706103992
54,-1.1963735647939018,5.38256884859134
55,-5.501431025944864,4.747105828229742
56,8.818542600775057,1.7886524955807523
57,-7.960034873986797,-3.3225168872809903
58,0.9983771175117936,7.927656382849104
59,3.8387050669356366,0.187468373115001
60,2.5662373881509843,-3.0532734406739497
61,0.5863248131927872,-10.271367359177551
62,-9.82285759849531,4.127915796582567
63,-5.061083961536551,-7.677344021761465
64,2.2632783739717564,0.2022212579234032
65,3.485597877664328,-7.6508532717080415
66,-2.8942825256868385,6.730984287667482
67,4.162891753693355,9.017735190223132
68,-4.661650689998725,6.909442970730613
69,2.2487014687912907,-11.750335818361547
70,-11.16529541107047,-3.81249036488515
71,-2.769442395217931,8.675901281919693
72,-10.199998341443331,3.98145500405737
73,0.3940701650109268,-2.374524256442278
74,-6.510436992987081,1.693328979516366
75,-0.4916059700510757,6.887463740309499
76,-3.420888061227944,-1.1626155492307948
77,-4.325231863137836,11.065670723653092
78,-1.3186462255506353,5.307034943426814
79,7.063593569529779,3.6483142949291736
80,-6.049474232703199,-7.657657393277652
81,-4.008517385789394,-10.483265390748937
82,-8.912961815367641,5.902813634727838
83,-2.993554829884353,-3.208153437779444
84,3.4167924867314845,-5.293809525923926
85,-6.5498379972333245,-5.85481380963588
86,-7.570131850543103,0.9275832838818
87,-6.468652207472767,4.678336385408219
88,-3.2176110761009244,-3.5528939522906864
89,-0.9013985236657476,-8.179725730139197
90,2.334637496299207,0.1678587436723972
91,-10.249306876482954,5.6320683965860425
92,4.154394274737829,-4.129983376185873
93,-3.1033915711288955,1.640467891855021
94,2.0677176200359337,4.074923905159178
95,8.731489345975014,1.997269060366591
96,-2.87117649517284,2.4686153001469613
97,6.668059679766124,8.46959867682985
98,-2.907258890428924,9.18918914273414
99,-3.252232465983969,5.30322341250325
100,2.5445186744994324,7.558620280543806
101,9.712433383955284,-0.9248695785044668
102,7.384316070276032,-6.0966634234292085
103,-4.888764602935062,6.18216615481877
104,-0.2203046195975488,0.9604396797573322
105,0.6784174204937994,11.0070044094644
106,-9.579645349786269,4.183696929664716
107,0.9157006694797653,-1.1053213051176591
108,-4.38832560915172,2.107922220987044
109,-2.844356681063182,-10.975082111067618
110,-8.376273590596428,-8.51893770050598
111,-5.9760857625940105,-5.108150678667151
112,5.686272236434299,-5.859527556084853
113,-4.68472845287608,-7.262431573376907
114,8.63533731791605,2.658630534547534
115,2.1450777748022727,-1.144407900589517
116,-11.442301446328909,0.0531324635344461
117,6.924200789898155,0.7480757561756697
118,4.1547484005931175,-1.560778297306852
119,1.5624486714840735,8.774184980060106
120,1.6386172596566304,8.205432936752167
121,-0.3386904681252822,-8.330205060109908
122,5.788589075495985,-7.937254437614872
123,-8.495935536859125,3.432250192780213
124,10.19375117664664,5.508627188852628
125,1.485863027463317,5.022243064691182
126,4.1477272039673885,7.193759505867384
127,6.816063529070295,2.8577568268209106
128,-8.245492395248224,5.8980134218502265
129,2.4862876330914183,-0.937554598488168
130,9.4569387809371,1.8866388836767245
131,2.8129351123650643,-3.3804156329273507
132,9.69577521151087,1.4815946643677442
133,-3.971502912351728,10.939992496420722
134,-10.05441438552499,2.801895140000351
135,-9.813162707596929,-0.5368062969185914
136,-11.024033605158582,-0.3670359800302574
137,3.2395124399378297,-6.899477243522193
138,10.32639863204971,-0.484575738219668
139,-0.9041749404258326,8.11187486021381
140,-7.496981779820727,-6.147008189238302
141,5.327679716379333,7.509006682197779
142,-9.730725930048845,-6.4500230806847085
143,4.045328581303085,8.45554597862214
144,0.942488652333509,-1.2081557072827565
145,-2.85528954094163,2.46298768047798
146,5.279680913663302,-8.399960990765837
147,-3.67292053604557,-0.9274456027277383
148,-4.520657308901032,4.067291720272412
149,1.0825168409005048,0.7229064057145838
150,-6.539555359595576,-3.1107754970382544
151,-3.6520286363718135,-11.32783135459722
152,4.580647175291158,-8.80324333904568
153,9.200037828550606,-6.330131499415376
154,5.216011281476071,10.532310250292468
155,-10.837019555457848,-4.311199060374158
156,5.860821751870002,3.103827594971115
157,-5.129131753816264,3.3092954103118686
158,-2.536825924619748,-8.86949577641506
159,-7.156986092169989,-7.6867983942946
160,-0.0340539625874392,6.122583028837319
161,-1.1526610149819465,1.0866594033183858
162,-1.911130885721977,-9.581424010046623
163,7.069325721328447,0.433145726252869
164,0.7097523695766803,-4.365347238353482
165,3.2989768830639186,-3.6929402009345775
166,5.424959881915438,8.298464964182784
167,-4.5045457424231055,-8.31262051325579
168,1.044476841833646,-8.797798341235271
169,-4.69841396830285,4.413995967572447
170,-6.272938268291805,7.694183841434906
171,-1.6028498364859305,6.295926815248443
172,8.835646189877227,2.494184587972072
173,-5.395748948489723,-3.2885428781187525
174,5.581876957734519,1.9062028313392665
175,-8.477108838617163,-6.042599821201772
176,-2.3629225734690245,11.370878025234042
177,-1.6555670801509272,-11.323965664153327
178,2.809741109136945,-5.2169756719991165
179,-5.859188639782278,-6.265276707042771
180,-7.643450609634074,1.1352811884389098
181,4.093556598661621,-1.192199645165605
182,-1.3443930108588074,-0.6567252460305824
183,1.2596481165695472,3.808686039211001
184,-0.5097099510204082,8.461329602860385
185,6.230563976540367,9.12205132569732
186,-0.1164637993781809,8.000900269887822
187,-10.27372619290378,-2.149233628832836
188,3.811478548544226,-2.886201964257399
189,-8.035753287503775,-8.130311728068726
190,-7.453823686257018,-9.15069468869656
191,-6.43077929147246,7.065873412788108
192,3.102410210939965,-9.626724693418325
193,-6.232119176817168,6.627298486160846
194,6.4320734988937325,7.727822352457188
195,-1.0042403420389263,7.994493815354097
196,5.447033260088347,-6.44703825855903
197,-2.2882718742528887,-5.0322236420198765
198,-6.86325993559865,-6.052361519791071
199,-0.518649120017411,3.753672941142192
200,3.815745546684113,9.20050976276098
201,3.808526460346439,9.118133936159609
202,-10.338246686432717,-0.3829811406533281
203,6.714599884256135,-5.59554214031644
204,-11.040951990361098,2.0501036063732574
205,5.093983800319201,-2.976288440019367
206,-6.732472524361103,6.545706839310476
207,-10.394644299607773,-5.47116447424179
208,-2.200480863501408,-5.007080904780319
209,3.75200805225704,-5.436205872397981
210,-3.5661562550242643,-8.392108436908114
211,10.006682620080229,-3.1490991550507523
212,-1.8538144574412456,7.650426494825194
213,-10.936638513319046,-2.405658247781478
214,1.3272345448500324,-1.3724407658692537
215,-4.577618201978172,9.104400376560797
216,-3.3810475841719647,-2.64456084404026
217,-8.26015753061898,5.658426393684259
218,-6.147329959185733,-6.190010516946349
219,4.96834337726062,0.5942163368853492
220,-1.797764375213486,5.386957211016501
221,0.7136418093030716,7.778801683851302
222,-11.821213523742088,1.075839746391786
223,-0.756721583141486,-7.425688302784898
224,1.1186013346681278,1.8395318675844123
225,8.813259411734638,0.1238354050296877
226,-3.485888782893664,6.612201711770688
227,-11.395820219217608,-3.1502457572759326
228,-11.88905999867735,-0.765237838070691
229,-11.166205648835916,-4.306190853425538
230,-7.483027338753696,7.215305483206059
231,-7.923010875244081,4.050240764264551
232,5.611722235491016,6.933264923433516
233,3.021297495051334,10.541757204459458
234,8.691059501910736,-7.873658165119991
235,-6.810010114829509,9.191093692987106
236,-1.5219891214427983,3.757619827622351
237,-2.09718920623323,9.391668376541888
238,2.9734282341496705,-8.729140875192295
239,1.6464206967338129,5.459792813040711
240,-0.7056348564731962,2.36806725554257
241,6.3224394881842905,1.1846500685985504
242,2.152388132912076,-9.156056264309717
243,-5.996905804745304,1.4911490493605122
244,-2.9381211426653966,-5.688623876334324
245,0.431830550955933,-7.030540228604577
246,4.175873345251851,2.611642388431312
247,-2.391876021359508,-9.281540281487237
248,7.339611682718058,-0.9012610382294852
249,-1.3575304069915113,1.9425569323680776
250,5.165243786570237,2.835261397730198
251,-7.642913955190908,-2.121146330197238
252,-6.635179394546011,9.6959861973177
253,-6.974373653875088,-4.252135918643117
254,4.269481559470716,-8.86028849005709
255,6.203914476702487,-1.710891691059908
256,9.325076844048027,1.7120951739324255
257,-3.605475327406596,-1.055862336365168
258,-6.431326039856872,-3.335442775505033
259,-3.3513302336040134,8.340763824137042
260,5.255803464665554,-7.0299321047998165
261,-2.5801235179932114,11.450349876595162
262,-9.829312056208682,6.676465956998559
263,-3.9460603368735896,7.697469820434737
264,8.826198394045491,5.139321762666402
265,-7.559931902035936,1.6019370801349844
266,9.212622076009506,-7.145834092166669
267,5.056010655040858,-0.8115725802406502
268,-7.102568309403799,4.195167740413378
269,0.3809810175087449,-8.8923400975483
270,-5.0695324887183,-9.612937830968333
271,-8.105576243720302,-0.2857465312571658
272,7.070167072752192,4.89231295938071
273,8.056146783267238,-6.081465896719695
274,-3.921735424552596,-8.028774664071205
275,5.822464470183679,-6.455474534066014
276,-5.564299381859983,-10.058509427055668
277,5.3090026826147145,5.770035344499632
278,1.6790010481615898,-8.73529437240479
279,0.6727073538986552,-11.736427903688282
280,1.1899595382883437,11.234947496128946
281,-4.898942187798816,4.304239192584863
282,-5.330133723815042,3.314132193172478
283,-6.870193882710465,-0.5368116915051875
284,8.343576466519984,4.157944831106317
285,7.209298724596397,-8.81623996673681
286,9.214583191348492,5.834858586785408
287,10.060444622693684,5.535894069700252
288,-1.7900083764740593,-5.50341186906751
289,-11.175250422671606,1.1460744144376918
290,-10.315545243140107,-5.87246246714522
291,-11.285545412456354,1.3669906258506543
292,-10.50983597645052,2.641673530705948
293,-11.062221376672277,4.454416040613825
294,1.048927389828064,-9.363779176734871
295,-5.167296592950541,-8.529369775848675
296,4.805283525754174,-3.1830221727493253
297,-1.8082488860912669,11.291514022812958
298,-5.899389908309732,4.905334866603141
299,3.4166364116894083,-8.502518258605
300,2.497668685683635,6.171487102632522
301,0.8123052224168958,-7.170551089722524
302,1.3669681740295232,-11.309774406872307
303,-3.068064962370453,4.470240187795955
304,1.705801564818456,3.558794301829682
305,10.36498983271544,-3.7087963019328463
306,6.038237694442721,-0.890969821345081
307,-5.654055011288014,3.090666949490597
308,1.6497869542735906,-1.337573623505504
309,2.524462235861048,-3.491974673262998
310,3.4976738669983884,-5.4474617100588585
311,0.0776918143297713,3.630216050941556
312,7.876197079062194,6.43691365702356
313,-8.424384144837184,4.557737323632068
314,6.224469502009843,6.587137183516312
315,-1.3783303174254833,8.650368728503917
316,1.991983533367908,-7.394516411585298
317,5.498336035868967,4.893764666480994
318,-5.285781195720829,-8.409451855482562
319,-4.435830032545643,-7.663070409457781
320,5.402763744071741,-8.556836271800337
321,-8.725650988530047,-0.038275474450236
322,-3.828172360233669,6.651395075944528
323,11.599885205181096,2.1596111338999187
324,-0.8506615096031176,-2.142443089045869
325,-0.1807437689186368,-8.926768298963175
326,3.2599592994982736,-5.653850386352373
327,-1.836750118611988,-6.475619278393187
328,-6.905143739103116,5.151253656638311
329,-4.424571131907634,6.58893334884397
330,-7.46855076618195,-5.888516648872648
331,9.368283134784384,2.960837558919799
332,-11.892143123159432,-0.1722669536299506
333,-7.996127923112808,-3.032016752630589
334,4.038647444234051,-0.8480104709080223
335,-9.893414634691982,-5.847846038171802
336,5.346245831065971,-3.1848961747762186
337,-5.355978975878028,6.012161458418156
338,-3.226024927350516,0.9828784812041214
339,-3.149686561311244,-7.590778865736944
340,-5.518447404517684,-3.357161890086349
341,5.098079138838855,3.173551487593345
342,1.4553565926763916,4.312048473676825
343,-9.62411022320556,1.8543855276924468
344,5.308117156451345,-4.714942874975414
345,-1.7378027106484597,3.935335084299627
346,6.877948439984841,7.400994966243886
347,-3.952647115345073,-3.99535809514067
348,-11.111581601815733,-4.02849948310759
349,-3.522995660264709,-11.079427304907847
350,-6.021913782623994,-1.1182094766624502
351,-5.443944574750154,-8.790284188712183
352,-5.497515156004178,-3.2652250552953674
353,8.633344623167993,7.084300426138398
354,10.80077708199557,-0.0457611623574578
355,-1.9001497027385208,-2.834846582450229
356,7.809654121408716,1.7585658593348832
357,9.711685733365762,-6.07133827267714
358,-2.939145966998174,3.154083316228366
359,0.4707466431010019,-2.1334212800131365
360,2.755559539233854,-0.8607803567145336
361,-3.8505947299623777,-9.3328510376424
362,-8.268280747215018,-2.812744785229734
363,-6.961280802417837,-4.536407327698377
364,8.296913886629785,7.39923434428826
365,7.326199980233689,-5.819811560016456
366,0.0945357080027875,10.655118678624104
367,4.29484201048578,-1.7880095588955704
368,5.022139047269281,7.494751878923854
369,-0.2379361008320835,-0.7846367959968887
370,-8.805620275702353,6.339822119830863
371,-1.8948008772678708,-3.750012853150741
372,-2.517323084054881,-10.024330683616984
373,0.4541087750724202,7.757253645992712
374,-7.621743762586014,5.99634798076173
375,5.713008677660287,-2.906077135893712
376,-10.21719371618218,-0.3770826307469352
377,-8.476589630140715,6.129578638006375
378,5.844831186730303,-0.914039636946388
379,-5.5868365567106695,-3.869362519948975
380,5.625584339277641,0.2822877114642352
381,2.2546201947083304,-0.790445296292841
382,-6.106835114220205,10.11081769797038
383,0.6281794628367123,-11.680022319699852
384,-7.906430435212556,-3.3338653486364667
385,5.03328676072876,-5.887011726582679
386,0.0028383363485566,-1.8836102534334849
387,4.9308534176723455,5.916199554207392
388,1.9774132276374663,-8.882304537757328
389,8.977354483716564,1.3183758541650905
390,-11.437091557423567,3.112470052456157
391,-1.1017254944686634,1.3463815586837722
392,-5.333293478648858,6.042025035113053
393,6.245145777789958,-2.023579197081318
394,-9.998549695478644,4.564791406428885
395,1.448372149329316,-7.550852737131712
396,4.549115321450202,-6.651962192190101
397,-4.73224370289037,-5.805219728943948
398,11.028984415716293,-0.196088677595398
399,1.8753728081125367,-2.4856522063187168
400,-8.863032217240224,-5.901400861563806
401,5.880299824617044,-9.106961418511975
402,10.341092891695476,-4.066467277138319
403,-1.4403855557951104,9.846257333065497
404,8.173336139380154,4.649693135397538
405,11.850080767008691,1.1566036604366356
406,2.162224557617069,-5.931464163008257
407,-7.066758249401597,-8.880107365509781
408,-1.394438258651272,-4.063511592204444
409,0.4465359785502851,-11.799107832106683
410,0.0119888447799958,0.7045139089718297
411,-9.47957612505137,1.324426185373321
412,0.4916093590921555,0.6707851687578383
413,6.009709174657296,-4.470282755006918
414,1.4840794461138351,11.305691147106735
415,6.722745797990587,-6.272255823822906
416,4.512546656516008,-8.092806244987923
417,-2.965476739339424,5.275253123121917
418,4.73962080703096,-3.337135881866761
419,-4.681308333890265,-8.994110097534232
420,1.8906652711990368,4.368557076787361
421,6.674187835621005,-9.427033466901433
422,-10.917717287736082,3.7304901685367913
423,4.181051795263134,6.474578279910251
424,7.4707259414061795,-4.392032575610917
425,-3.340550076305611,9.574906253452353
426,-9.200752769393482,1.5094803522175653
427,-0.9293182756961772,-10.89944701121618
428,-8.356194406584311,4.817868765554859
429,-3.0481082065804426,9.37922677367763
430,3.725393039700691,-5.960227430004809
431,4.434339095118322,-3.3078014074083057
432,9.587952708332992,-2.656430132187748
433,4.0191877421994135,9.773720143018757
434,-0.3764707156740137,-7.735420732815578
435,-8.837858303847739,1.4928920868924802
436,-6.488538982599112,-9.512489740702948
437,-4.046093677293498,1.3868379065389007
438,-5.962981515829425,-4.3979601290566
439,-3.1088828309582155,6.816656788495941
440,-0.4092223407244972,3.216303529643365
441,0.0336106546034624,-3.2361540162779363
442,4.187036557412448,11.140728583572546
443,-3.597297369330416,9.505130090729232
444,0.6239052901172535,4.41403802795708
445,2.699140975393614,7.319376180352005
446,-2.126619935087806,-5.859067478954622
447,-8.597592160085245,-1.6232325837951862
448,2.121342397557072,-10.6947606714794
449,8.594488594230128,2.2762212918779525
450,-0.640340373623733,-11.37543105121119
451,-8.32442323072279,7.868114311705533
452,-4.049955632597434,-5.7971196668209215
453,-2.6547729394577964,10.463707716259568
454,5.723622265002955,7.9536977143507634
455,6.882557739017386,8.450345051803293
456,5.373793804442144,4.257702943023858
457,-4.067999235513717,9.23721606060272
458,-4.167453312019021,0.1347147712367942
459,3.855239811703514,5.729578724342936
460,3.439273932039386,-4.438448519517136
461,-4.7095298663347895,8.11215836266506
462,-1.5767222284156048,1.0372871571840356
463,3.687278346374198,-5.667015258493419
464,4.7939755739959615,-2.819436788782525
465,11.809206725631938,0.5270794833388113
466,8.248123946412214,-5.253677124629946
467,-3.93543586206372,-4.814743321784226
468,6.675568182610746,-6.456074682876049
469,-4.542322140717955,-2.314317280613846
470,0.8752810259957293,-2.341685082153342
471,4.919088601278986,-3.600842696745614
472,-5.271771014895301,1.320141612404207
473,-6.351297434720165,-5.791575948987873
474,-5.620622333751582,-9.017196409727696
475,9.187397908929231,-4.056320976017515
476,-7.387803140132275,8.636718910472325
477,-7.568970254688561,7.744634830711789
478,-1.0867486504685306,10.188503531218476
479,3.812919726514753,8.330094853036282
480,7.544315018630911,-0.978557098192212
481,7.758126667817898,7.282540901373032
482,0.0128464785829507,8.757060633666487
483,-6.080317251710685,-0.8770894709973529
484,-10.628101342845232,-4.438908962307631
485,3.3138772837629844,-0.044076461044554
486,-2.769106599302516,2.1655629134567107
487,-2.040525282844314,-3.9004624217051536
488,7.33314883301971,-1.252075106170761
489,6.944590589121297,-3.476064611412454
490,-9.078062631208384,-3.69754807709996
491,-1.6474991296051478,-4.027617219836846
492,-10.667062148494008,3.94150151324385
493,0.7296573568766753,-9.806509149125482
494,-7.757084074797622,-0.267132444864071
495,-0.4010284890079987,9.38632518189035
496,3.0593906462384624,-8.300291655037736
497,1.5506695747048411,-5.411387809661525
498,1.3629964422167191,-3.1458727620376923
499,2.725620374764519,-10.687821188178656
500,9.692851303987474,3.3356495128343724
501,-3.479762942655966,-11.24328226235157
502,-3.676879179611639,4.548356414979335
503,2.1408206099953127,7.42808670542076
504,-9.681547716648309,-0.3584904120152252
505,5.720554640858467,6.865732069850186
506,-7.6061278985,1.6004675832991566
507,1.8710489249524365,1.4191701816839153
508,4.016244590625682,1.5920645330887098
509,5.604522673730088,-10.132837675039566
510,1.980760872754919,-7.581808103713064
511,7.522136926136987,-3.7052931916588254
512,7.766759181715834,-6.212282379447343
513,-3.708658058194292,10.32810283019841
514,-10.830542114684311,2.9575731853746685
515,-0.3279505008601049,1.956661989415448
516,-2.058532732454188,-10.25296153452803
517,-10.323205719667644,-4.151128762726009
518,-4.681015903121436,0.5745800383910478
519,2.773596079406296,-8.172128904374908
520,3.926857781779322,-9.254611485027782
521,9.325828046174204,5.777325332455586
522,-0.1034789408201888,5.578988924833549
523,0.1155703830545853,4.858737336840356
524,6.122788929934867,-0.561532927501105
525,7.96615098808148,1.256392081280456
526,-5.879562499871549,-5.69312034857052
527,6.369350809748404,-5.5113837163136665
528,5.762834573455766,1.2126432187851623
529,7.937047242180725,0.7293225893077633
530,1.7029337791776378,-3.325020546967668
531,-4.500196443335588,1.5294496694946318
532,-1.935199789127374,8.029045211819252
533,2.790175465732748,-10.29217802373098
534,-0.994431674624984,-6.737843820829594
535,-7.407151366318637,-2.6471079362869787
536,4.440278614368044,-1.8990112873296443
537,4.458164094689586,-9.6631780243497
538,1.8778710718115903,-3.941519815002181
539,-7.358932069479749,-0.989811244313426
540,-4.462481945742159,-3.513776746448034
541,1.6284050095460518,7.982432571402757
542,3.991841743127569,10.855847345954889
543,-3.71326134205156,-0.3121272483377915
544,2.2295985586659484,9.568301320391676
545,4.974389209506796,-5.494464846878653
546,-7.769748243578476,7.378657715624207
547,-4.855154482670754,-2.455246912419735
548,-10.415054132929846,-2.230737689401071
549,4.506170087368652,-7.931853305753189
550,10.516504808990568,-1.4204217850086032
551,-1.7959924357753074,-8.85525083751659
552,-10.67370911595744,0.2876549300594391
553,9.606713549165375,6.503141693639261
554,-2.236140955023972,11.43940622444233
555,-3.364198964399055,1.964944007862936
556,8.558745598068903,-2.876502025102571
557,3.9139900396466825,-6.181415699505418
558,3.917483586134077,-7.030878843916868
559,3.462314099292964,4.907897239387097
560,-7.749012133239099,-6.963237128620877
561,-4.600018335417981,-5.819968552479632
562,-2.5294739296173354,-6.717022839971253
563,0.790713008083582,-1.4792040982323584
564,3.619474834885296,3.4455793353341555
565,-1.970008686013664,2.161175927777901
566,4.663416032099981,-7.282731167498587
567,3.451321275113066,-3.9172465651300574
568,1.6532110336703134,-7.297274143117479
569,11.671767058398755,-2.433358065821277
570,-1.8056789389321573,6.806368460175705
571,-5.182403125060016,-4.546787982634588
572,1.482038933257645,5.53021832929101
573,-4.765935764556057,6.874971799834967
574,8.448215497599541,-3.2797054832651824
575,1.0507871889791094,-5.869641878924537
576,-0.5009093026561082,-10.068561189557608
577,-5.196357325542153,-8.208903105147268
578,3.465462598808024,0.9090356996387784
579,-1.2387417782901302,-4.990748799360285
580,-3.1978496387424986,4.931535524388462
581,5.715420958234898,7.072845894888019
582,-4.745170444237392,3.877271462181982
583,-3.408760778838321,-9.983674673998228
584,-1.5239107323330394,3.802180011692684
585,0.976752226989813,-11.22351096495742
586,-3.34183669613002,10.585081748958014
587,1.493390190435484,-4.423445769464332
588,-4.821925594934099,8.422931428578405
589,1.2898579017300342,2.1068511742255502
590,-8.421292120962983,-7.707548477717966
591,0.9100035520192832,10.405154546640922
592,7.8280166971118526,-3.80344865119762
593,-1.7388261776460858,-11.727884160556057
594,8.445693155687625,6.0258906743274885
595,1.302045583924475,-5.949677838351064
596,-0.2824614585187532,7.461499402666853
597,5.183266342768423,-9.216575283046296
598,-11.800982047419346,1.60699397785522
599,-1.0473890751914894,0.2575321453409778
600,1.863542114448652,1.1771074354249684
601,-11.793560056525578,-1.4350392330880872
602,-9.342326793897024,-0.8757265006333448
603,-11.37218762088807,0.472646266333772
604,-2.0612806911423966,-0.0179651503819453
605,2.868173184719316,7.819783346826167
606,-5.59962375590449,-1.7720256885338517
607,1.607025913584209,9.900054804522082
608,-4.213905960374318,4.92147950711707
609,4.881262604375607,-5.895407082972696
610,3.931018467461208,9.781995450262931
611,3.369839003079928,-3.982136869291661
612,10.195915297460914,-4.145230614330555
613,-0.2508583512567632,5.6949957511659335
614,-9.563961216858104,-1.7794473569215796
615,-8.616053704350481,-7.754680036952705
616,-3.4799396196187544,5.357359616457991
617,4.373913884050836,-9.674710583625842
618,-6.042388479429663,4.90408880970951
619,-10.070399191306304,-5.97655012540196
620,-1.155379106725558,5.992513967703772
621,6.301819662592834,3.9514611313836334
622,-8.266819086094026,7.698637043528194
623,1.2648498127580048,9.619187426547938
624,-2.5854584506562635,0.0713336894986795
625,4.226963928248232,-6.457485897330943
626,11.284944740453042,-0.6158702840674763
627,-3.64029292867993,7.508416885062999
628,6.463544444837627,-4.299081034382446
629,4.087329723135561,2.879884252100293
630,11.010940018897358,4.589189450378093
631,3.970611289483269,0.7162405069818156
632,-1.3432979639057514,-3.9138058222481504
633,3.294112900828773,-5.059601322012662
634,-4.37026094325456,9.482214324546804
635,-6.973686044632312,-1.7172043807722943
636,-9.616763982242734,-4.113350914573704
637,1.448023962136931,5.115571014055647
638,-5.066949413541144,10.332704061190723
639,-7.744023771948047,-2.298883254562231
640,-1.7637892686418295,-0.1536901261020062
641,0.2672919010181633,-3.0767341699600497
642,-2.2834430327953594,11.726023714839824
643,4.480144184431545,-8.871219856991047
644,6.60740794497055,-7.604032139621958
645,1.5770617728348952,-7.61699708974501
646,-3.176755877225233,10.0593444410771
647,1.038017300642654,9.08845891254937
648,-10.213240657101048,4.327448831247327
649,7.079802329984297,5.066489479159856
650,0.1829377718035978,-10.93026224124636
651,4.600364923816013,2.05519505224386
652,-2.7997947282999096,-11.033977904391108
653,-0.818926145075217,-3.556056968170441
654,4.7511444925769055,9.4525134528555
655,-0.8813580699228041,8.187648033102956
656,10.840473769607527,-4.1081881638715005
657,3.7234078856084345,-6.703945046623079
658,-6.19100053214505,8.803337438793168
659,-1.4882604649847604,6.155360308932895
660,-1.0342527433436943,11.821020805733898
661,1.7053742067007942,-7.1179671577219
662,11.59054844915466,-2.745030522590085
663,9.590888959278704,-6.569941435990338
664,2.639919082396471,-1.4093033541390891
665,-2.284245614463689,11.077189411244426
666,0.3472047675386065,-2.466132751134728
667,-10.806562414948711,-2.2917416422083363
668,-0.5765017691619327,-7.892849703293304
669,3.476399643162523,4.594178984267579
670,-2.236032404824769,-10.7972485649582
671,-5.146199918327981,1.7087821312823994
672,-4.377528927047722,2.660637141427646
673,11.328012734682504,-0.8693188968566439
674,2.658381421699904,11.682058295537736
675,5.704176944866415,3.408197473062099
676,8.63743714342435,-4.7347107752490265
677,-6.932979231306235,-0.3700668667492834
678,-1.417321629396577,1.176942146680542
679,4.227630540227054,9.27175198806654
680,9.423193875184978,1.97348974823916
681,-2.09043028464089,-0.1567509926663
682,-4.691649775724257,-9.638712372139729
683,-8.447480115713692,3.3321473307125657
684,10.111067233202466,-6.00082000626959
685,7.38441293819778,-5.072935675252218
686,3.626250069408343,-9.953153828007856
687,3.104609122401621,0.4267671436172513
688,6.185729426728543,5.415619705729323
689,7.024418695594818,-4.627699152180849
690,-8.79672400524282,5.617677119352265
691,-4.457865587586685,-5.122971723884529
692,8.709057402268403,5.96623323499302
693,-8.934517046699078,-4.635445683737465
694,1.023482991320357,7.303783733674582
695,-9.098547729215346,7.7801702576377245
696,2.6331995210793515,-8.39261922153348
697,6.119913179811832,1.0743989505908331
698,6.2042297838617415,-8.092628024261582
699,10.935393077814794,4.251008023220237
700,2.0652749383083915,-7.384654738807258
701,9.33702174138742,2.2373562379383056
702,1.9755058049781304,-1.1460583437363532
703,0.4385524181780305,5.162373878924445
704,1.2778513941294811,-11.019896564931258
705,6.113328103511982,5.897567109760459
706,-8.209013179623874,-5.3338475134008645
707,1.876907830732552,4.484090085716826
708,-4.688679217612136,6.282448823033015
709,5.119957830421608,0.5100146287938863
710,10.7756887269565,4.172922716248717
711,4.909509574752192,-6.907019829540071
712,1.3732317887826078,-6.80294891125924
713,-6.687970956167353,0.310142364556464
714,4.349931230337539,10.101961245678233
715,-9.40933935318832,4.286743195562835
716,-2.5144055527061244,-8.43893051606927
717,10.58080654263031,1.6721365385686653
718,4.767981639175972,-1.6776626388771303
719,7.668261348337168,6.41646184308771
720,6.24886042668075,-6.069956932992549
721,-10.46185389629944,2.189915378192609
722,-8.174919538119951,-1.992720714751716
723,10.187205020163884,-0.16658718568398
724,4.691830625497168,-2.745719185759956
725,4.13499778480606,-5.235785275728318
726,-10.648959399260628,-2.1922731190958835
727,-0.8129473594858503,-4.242369662065176
728,-1.2059424996904011,-0.9941531074752988
729,5.338385718172276,-0.5626093661985649
730,-9.505322613192243,1.4311118752323893
731,-3.9218603984876026,6.683321226047603
732,1.5075499566397532,0.1995296756256088
733,6.298863194156361,-6.534343436338786
734,-7.661872430749643,-7.811751587254245
735,-2.8604856943984984,-3.781288940911956
736,-6.897654665035005,-8.425750818205124
737,9.5373747361074,-7.134329389505695
738,1.7233027076513885,6.242093228203057
739,0.0999874156924534,-11.500378109052267
740,11.281289379627012,2.801496545086996
741,4.821465409498167,-7.841905845592486
742,11.86361045575158,-0.3668058111924761
743,9.217394717534738,-1.9777044174891247
744,3.77325614890972,7.344318244964974
745,-2.62035562715122,5.878845909252604
746,9.374225542672644,-6.702415958915115
747,7.657456804082646,-8.31276202662415
748,6.154807957411251,1.7760512244845614
749,-9.987139086384124,-1.3489686150671396
750,0.8637244495418326,-5.917569877554455
751,-11.761208256720217,-0.3363027384163946
752,6.589140126115005,-4.190415342938061
753,1.2704983928693103,0.6468141481239087
754,1.1260069585323045,-3.6764983021066495
755,-1.101400823917185,2.5187419732360787
756,0.2953361198836681,10.530474894542344
757,-2.170279360382548,-1.967422160397707
758,-5.494729278455065,-4.894175040641487
759,3.697639046895862,7.799781566754369
760,9.344815943909069,-2.706154162215535
761,-3.2537648001000257,-6.210752400347272
762,7.180958162186883,-5.328236791178102
763,-1.914797331788904,3.184734165937672
764,4.530204109340286,-0.8951027165179326
765,8.56619243365105,5.014028840075657
766,2.2142173912716387,-5.730523672787611
767,8.645088129831944,0.7091982098814995
768,-8.575662736419245,3.247855791048927
769,-3.325352074258447,4.562279387735117
770,-1.2128399189795775,10.79275943859124
771,-3.602881426018797,1.9817769456626664
772,4.473853775994119,-4.284767792718036
773,3.90659437383359,5.749972568351499
774,5.927875461043964,1.8328900687815624
775,9.184687808323083,0.6687717937673927
776,6.532734334951257,-3.3704991899964742
777,7.638728958915848,-7.519717219057445
778,11.885411030628454,-1.4527872175674297
779,-4.345877758845218,4.357439660715258
780,-4.939922424240527,0.8099982471683873
781,-5.904594386314946,9.973327947120126
782,-7.700235492517771,-2.7657280603454986
783,0.0374131330013423,0.3831405818237101
784,4.667302625780643,10.671667061361363
785,0.8652701309004804,-3.3612853691345776
786,6.774633619747032,-5.449470006337629
787,-4.861245720161833,-5.769188568784574
788,3.165588474477925,-11.185083951679967
789,2.208583497369416,0.9087769831871172
790,-10.0827577600156,-0.5945113516323399
791,-6.6708879604024025,-6.669386749414645
792,6.790149266644583,6.279253737334969
793,10.242946446092644,3.200363906479456
794,-6.144497852180004,-8.699376599612314
795,6.017155435367172,-3.670587782931879
796,6.882809788380129,-8.501198258617812
797,-1.505131263168888,-1.5129543551739246
798,-4.865409254276272,-1.5147683098114584
799,-5.902328383863949,5.212227110883131
800,4.24738077040514,-0.2029443071220846
801,-0.7945770784653412,11.576114312344142
802,-11.390060379481293,3.3663733046553297
803,5.170032111343858,-5.12914639744419
804,-2.5048713087075,1.410144689358809
805,-8.383484805520634,5.7384124486037535
806,-4.326775820360345,-4.672120927535795
807,-4.523743101708392,5.327314168409608
808,-0.460468974646723,-11.9769547883176
809,-0.1349027950395509,4.2740210686116775
810,6.296023504479017,-4.708304005480065
811,-4.485034392016584,1.766619166428054
812,1.4783506855078343,0.1561257387769199
813,-5.457815594845649,3.431956910429026
814,-8.425132136576451,0.5353639495430009
815,1.579898497432488,6.170478690938527
816,-3.838681109615308,4.559480690980749
817,0.8367878131056834,-0.4898100868777
818,6.904381260382291,-3.4544076338727514
819,-1.4772058354344146,-11.57000052077855
820,5.501479445499061,-8.229454418259385
821,1.7883355709673872,7.676479546079474
822,1.688888716070565,-9.50000362170188
823,-11.096019269829313,0.9282999644200808
824,-10.71050659154943,-5.267096535439751
825,-3.4446245903101413,-0.0655498245187722
826,-10.761079696518962,-5.146363307494697
827,5.952576848046732,-6.224773230132327
828,4.426953109544911,0.9740099372274784
829,-4.81311349145106,-1.4000134683791163
830,-2.363236975842369,-0.5208790116449986
831,11.044943269918193,-3.28947075429358
832,-7.154092179003476,-5.247385308653316
833,4.57010644850228,-7.534145118120908
834,6.581361151148926,9.068319328818788
835,1.986760974012446,1.4247362171604063
836,-2.8553033695870607,0.4198431846522013
837,4.258386361421394,-4.483909623484568
838,-1.356779457903567,1.2500574599588852
839,4.473725991624967,-0.6142408454109543
840,0.0377839524195486,-5.670233846673563
841,8.592317170183438,-1.7503338643643591
842,6.005805521442298,-9.606842146724569
843,1.317859457298244,-0.5528953739210003
844,0.2255695655598444,9.523726353434563
845,-1.5826391731814216,-10.022208786298172
846,8.641161971347124,-4.952882868292389
847,-8.905251841394751,2.8200332413145333
848,-4.131028085384553,-9.149277463998512
849,6.667611747705013,-0.4205807205000731
850,1.896910242092547,-1.9634243654544647
851,-8.823973539701889,-5.03190591318258
852,1.994088899434825,-5.750625660408917
853,-4.452778031723836,3.819175898490199
854,7.230235166866464,-3.127456193323159
855,-6.0851103245426,9.496719063218771
856,-9.506923151606514,-1.3446331618126184
857,-6.305625983962487,-1.4799110422408432
858,10.331456775704712,-4.315205447185779
859,10.411962219294388,-5.313132888163113
860,-1.964534879378121,2.4098452594407203
861,-3.227122113813841,6.767928743786378
862,-3.994421427938434,0.0357231378565074
863,5.625577707776195,3.133879740552868
864,0.69686863648365,-8.323256743135587
865,0.2282185430386576,9.521008733973744
866,-2.4848686053892184,3.283976711905325
867,6.997823835127505,-7.408889231363769
868,9.599276407050075,-4.978781416603243
869,7.837649209422036,-3.191842019995736
870,0.3566102661171122,-4.053977017550692
871,5.734743215382792,3.380584391994752
872,3.482708976877653,-7.849356543427902
873,-3.4322823502550115,-6.968152023885917
874,1.292992391748827,10.813668656719935
875,-9.521760653380728,-5.102236892072801
876,11.379968438943717,3.6040908217110985
877,9.553723780389245,-4.611182075608281
878,6.364155834198467,7.58072565923656
879,-4.144506537645284,-9.333247509419058
880,5.274791640981611,5.596653390319258
881,-1.5437363682830707,-1.489693106474796
882,-6.464735791339816,-2.6478230377845176
883,-2.8262729389574943,-8.062268693080924
884,-2.654735662184724,-6.79858685748962
885,-2.459959020134768,5.456337127376862
886,-11.495344436155124,1.3369062962786291
887,-4.705450276612114,-2.6142308483481003
888,11.50148917379077,-2.983500784234593
889,9.209548157819452,-1.3196525436749322
890,-6.201658813274396,-5.355637684232379
891,-7.081395741166719,5.489618256855959
892,-1.0338221003941683,11.34584638500073
893,-3.807002978449006,11.018611326472538
894,-5.962421873309818,10.320654675663024
895,0.0794297859895643,-3.626556781455694
896,-2.1046548767159514,10.27310231640918
897,-6.299339742830901,-2.6849755470485697
898,-9.499993394504678,-3.424940925378433
899,1.6541333158711815,-8.041490003432736
900,0.1813296095216863,-1.9242405972021324
901,5.335542075000809,0.685565079807823
902,-8.504843143906156,2.960388862179787
903,-5.775944442459046,2.2079830443269657
904,9.326141362062671,-5.816413679636841
905,-11.534592916813136,0.7039435576574142
906,-4.3150092405818175,8.142443192441501
907,8.952446717731604,-7.906723154069414
908,5.463070389258711,5.13427286906483
909,-4.936399082929623,7.3416637165818734
910,-0.5179017348302146,-2.67145110127548
911,10.977980004483303,2.6871714301469503
912,-5.066009650650067,5.443679657540983
913,-0.346056076155401,-0.1021441112924481
914,-9.225057204455709,-0.0277161590044041
915,0.1800958337911975,3.9048294979566514
916,10.270262684534782,-0.8436555970147843
917,-2.7609278876270515,-9.042021648818498
918,1.3350829277654697,-1.909052258345472
919,1.7382309230563209,-11.412715808310573
920,4.743636063060784,-8.520330896772547
921,4.950150731586493,5.208309848035867
922,-8.85009135706144,-5.719387020324767
923,-1.2435001780187065,-0.3079563421595725
924,8.717725433489704,4.532791743339381
925,5.479950234008655,-0.5800101151324348
926,-4.942257120910879,-3.4451023985238223
927,3.95142937412432,-1.527548720108962
928,-11.34317473454193,-1.3038667700038875
929,2.0072732994945,7.6948246589500755
930,8.702326008067374,4.127293165258138
931,3.378467013686027,8.49108750232324
932,-4.815310431452316,-9.718595784542348
933,3.46967859972626,-2.9856287046927097
934,2.484606627505629,10.786830083789011
935,1.644091191848002,11.239652282433193
936,-3.0992615015618554,-10.408394842529937
937,0.4888602049179589,7.553111670062282
938,0.3791203239938827,-3.978655085220325
939,2.775458660486599,-7.061743196716762
940,8.416442350775228,8.16726909872687
941,11.284108391628628,2.951898846896654
942,-6.736497289209954,-8.854606060421888
943,-2.380696853002666,5.770402628407609
944,-7.016421892355462,-6.655308503028047
945,-0.6736836278127125,5.706406139315881
946,-10.684133646064511,-0.5261960192388244
947,4.578321868134299,3.716538088561133
948,9.651176274669282,-5.919899522959798
949,2.524163997218801,8.653854947400639
950,-4.866893054929759,2.7259358019343
951,0.5572059722047786,-3.370049755319989
952,-10.139715071450862,5.68320278435414
953,4.54492761136817,7.23401609961719
954,0.6606165096160233,2.231692603313068
955,-3.322235492191858,2.186698543208649
956,2.819595368863748,3.1690110157970715
957,-8.34136911971013,-1.323806013314183
958,-9.32788238654631,1.2949166411985225
959,-6.967418740306042,-4.2553104222793925
960,4.217947974555813,-4.341265349113402
961,-4.41722811084764,6.065367042088102
962,8.61196821616825,-1.219068088681201
963,-6.616349083208565,-2.9367644573483176
964,10.53030763737176,0.8595829538881379
965,-2.7690520265946006,7.4946441794752126
966,-7.7020073459843665,1.0281351365264155
967,9.871430137748591,3.711190985030985
968,-3.050603695875364,7.216184684651509
969,-10.297397053772784,-1.5371261588669327
970,1.8774002160764809,-8.094245369923511
971,-4.149886693516142,5.3647289408169385
972,-8.514337480460359,-0.8696276890740524
973,4.100687010141371,-4.5439321585145205
974,-5.454702758652811,5.968482820756883
975,-11.142550163899749,1.360335211082834
976,-0.5697573952010497,-6.367425913838583
977,0.2630463699931837,-3.884841072060208
978,-7.978363023261631,6.0601887466511215
979,0.5429525919882501,-1.2610426583277192
980,-1.470232919766424,6.662627083257668
981,-0.2471631115903356,-5.714798818168191
982,-6.425816641421952,1.7516610084267654
983,11.584792521887955,-1.8749055233054648
984,2.407924072106482,-4.478217680567281
985,-5.8956744706166,-5.032345051339584
986,-8.892983471344987,-3.804879308548962
987,-5.498379003224742,-0.0333799840139192
988,10.803129065938506,0.0712229057292095
989,-2.29142759342458,0.8951556349066916
990,-6.314310953097149,-7.86661993114971
991,4.343084354979901,11.14028617574386
992,-2.877157286403488,-1.7255717591832287
993,-3.64720651224086,-5.596209564073179
994,5.90384745656602,5.463802909212248
995,7.578272370536766,-5.626151415746201
996,7.48876444327016,6.74020301779586
997,7.809230127387224,-4.404071787617381
998,1.889534419734078,5.788486888198868
999,9.30105782459663,-0.7892598211669473
1000,-3.16146,55.952601
1001,-3.160464,55.953057
1002,-3.160613,55.951984
1003,-3.160931,55.952591
1004,-3.161129,55.951779
1005,-3.162361,55.951572
1006,-3.16146,55.952601
1007,-3.160464,55.953057
1008,-3.160613,55.951984
1009,-3.160931,55.952591
1010,-3.161129,55.951779
1011,-3.162361,55.951572
1012,-3.16146,55.952601
1013,-3.160464,55.953057
1014,-3.160613,55.951984
1015,-3.160931,55.952591
1016,-3.161129,55.951779
1017,-3.162361,55.951572
1018,-3.16146,55.952601
1019,-3.160464,55.953057
1020,-3.160613,55.951984
1021,-3.160931,55.952591
1022,-3.161129,55.951779
1023,-3.162361,55.951572
1024,-3.16146,55.952601
1025,-3.160464,55.953057
1026,-3.160613,55.951984
1027,-3.160931,55.952591
1028,-3.161129,55.951779
1029,-3.162361,55.951572
1030,-3.16146,55.952601
1031,-3.160464,55.953057
1032,-3.160613,55.951984
1033,-3.160931,55.952591
1034,-3.161129,55.951779
1035,-3.162361,55.951572
1036,-3.16146,55.952601
1037,-3.160464,55.953057
1038,-3.160613,55.951984
1039,-3.160931,55.952591
1040,-3.161129,55.951779
1041,-3.162361,55.951572
1042,-3.16146,55.952601
1043,-3.160464,55.953057
1044,-3.160613,55.951984
1045,-3.160931,55.952591
1046,-3.161129,55.951779
1047,-3.162361,55.951572
1048,-3.16146,55.952601
1049,-3.160464,55.953057
1050,-3.160613,55.951984
1051,-3.160931,55.952591
1052,-3.161129,55.951779
1053,-3.162361,55.951572
1054,-3.16146,55.952601
1055,-3.160464,55.953057
1056,-3.160613,55.951984
1057,-3.160931,55.952591
1058,-3.161129,55.951779
1059,-3.162361,55.951572
1060,-3.16146,55.952601
1061,-3.160464,55.953057
1062,-3.160613,55.951984
1063,-3.160931,55.952591
1064,-3.161129,55.951779
1065,-3.162361,55.951572
1066,-3.16146,55.952601
1067,-3.160464,55.953057
1068,-3.160613,55.951984
1069,-3.160931,55.952591
1070,-3.161129,55.951779
1071,-3.162361,55.951572
1072,-3.16146,55.952601
1073,-3.160464,55.953057
1074,-3.160613,55.951984
1075,-3.160931,55.952591
1076,-3.161129,55.951779
1077,-3.162361,55.951572
1078,-3.16146,55.952601
1079,-3.160464,55.953057
1080,-3.160613,55.951984
1081,-3.160931,55.952591
1082,-3.161129,55.951779
1083,-3.162361,55.951572
1084,-3.16146,55.952601
1085,-3.160464,55.953057
1086,-3.160613,55.951984
1087,-3.160931,55.952591
1088,-3.161129,55.951779
1089,-3.162361,55.951572
1090,-3.16146,55.952601
1091,-3.160464,55.953057
1092,-3.160613,55.951984
1093,-3.160931,55.952591
1094,-3.161129,55.951779
1095,-3.162361,55.951572
1096,-3.16146,55.952601
1097,-3.160464,55.953057
1098,-3.160613,55.951984
1099,-3.160931,55.952591
1100,-3.161129,55.951779
1101,-3.162361,55.951572
1102,-3.16146,55.952601
1103,-3.160464,55.953057
1104,-3.160613,55.951984
1105,-3.160931,55.952591
1106,-3.161129,55.951779
1107,-3.162361,55.951572
1108,-3.16146,55.952601
1109,-3.160464,55.953057
1110,-3.160613,55.951984
1111,-3.160931,55.952591
1112,-3.161129,55.951779
1113,-3.162361,55.951572
1114,-3.16146,55.952601
1115,-3.160464,55.953057
1116,-3.160613,55.951984
1117,-3.160931,55.952591
1118,-3.161129,55.951779
1119,-3.162361,55.951572
1120,-3.16146,55.952601
1121,-3.160464,55.953057
1122,-3.160613,55.951984
1123,-3.160931,55.952591
1124,-3.161129,55.951779
1125,-3.162361,55.951572
1126,-3.16146,55.952601
1127,-3.160464,55.953057
1128,-3.160613,55.951984
1129,-3.160931,55.952591
1130,-3.161129,55.951779
1131,-3.162361,55.951572
1132,-3.16146,55.952601
1133,-3.160464,55.953057
1134,-3.160613,55.951984
1135,-3.160931,55.952591
1136,-3.161129,55.951779
1137,-3.162361,55.951572
1138,-3.16146,55.952601
1139,-3.160464,55.953057
1140,-3.160613,55.951984
1141,-3.160931,55.952591
1142,-3.161129,55.951779
1143,-3.162361,55.951572
1144,-3.16146,55.952601
1145,-3.160464,55.953057
1146,-3.160613,55.951984
1147,-3.160931,55.952591
1148,-3.161129,55.951779
1149,-3.162361,55.951572
1150,-3.16146,55.952601
1151,-3.160464,55.953057
1152,-3.160613,55.951984
1153,-3.160931,55.952591
1154,-3.161129,55.951779
1155,-3.162361,55.951572
1156,-3.16146,55.952601
1157,-3.160464,55.953057
1158,-3.160613,55.951984
1159,-3.160931,55.952591
1160,-3.161129,55.951779
1161,-3.162361,55.951572
1162,-3.16146,55.952601
1163,-3.160464,55.953057
1164,-3.160613,55.951984
1165,-3.160931,55.952591
1166,-3.161129,55.951779
1167,-3.162361,55.951572
1168,-3.16146,55.952601
1169,-3.160464,55.953057
1170,-3.160613,55.951984
1171,-3.160931,55.952591
1172,-3.161129,55.951779
1173,-3.162361,55.951572
1174,-3.16146,55.952601
1175,-3.160464,55.953057
1176,-3.160613,55.951984
1177,-3.160931,55.952591
1178,-3.161129,55.951779
1179,-3.162361,55.951572
1180,-3.16146,55.952601
1181,-3.160464,55.953057
1182,-3.160613,55.951984
1183,-3.160931,55.952591
1184,-3.161129,55.951779
1185,-3.162361,55.951572
1186,-3.16146,55.952601
1187,-3.160464,55.953057
1188,-3.160613,55.951984
1189,-3.160931,55.952591
1190,-3.161129,55.951779
1191,-3.162361,55.951572
1192,-3.16146,55.952601
1193,-3.160464,55.953057
1194,-3.160613,55.951984
1195,-3.160931,55.952591
1196,-3.161129,55.951779
1197,-3.162361,55.951572
1198,-3.16146,55.952601
1199,-3.160464,55.953057
1200,-3.160613,55.951984
1201,-3.160931,55.952591
1202,-3.161129,55.951779
1203,-3.162361,55.951572
1204,-3.16146,55.952601
1205,-3.160464,55.953057
1206,-3.160613,55.951984
1207,-3.160931,55.952591
1208,-3.161129,55.951779
1209,-3.162361,55.951572
1210,-3.16146,55.952601
1211,-3.160464,55.953057
1212,-3.160613,55.951984
1213,-3.160931,55.952591
1214,-3.161129,55.951779
1215,-3.162361,55.951572
1216,-3.16146,55.952601
1217,-3.160464,55.953057
1218,-3.160613,55.951984
1219,-3.160931,55.952591
1220,-3.161129,55.951779
1221,-3.162361,55.951572
1222,-3.16146,55.952601
1223,-3.160464,55.953057
1224,-3.160613,55.951984
1225,-3.160931,55.952591
1226,-3.161129,55.951779
1227,-3.162361,55.951572
1228,-3.16146,55.952601
1229,-3.160464,55.953057
1230,-3.160613,55.951984
1231,-3.160931,55.952591
1232,-3.161129,55.951779
1233,-3.162361,55.951572
1234,-3.16146,55.952601
1235,-3.160464,55.953057
1236,-3.160613,55.951984
1237,-3.160931,55.952591
1238,-3.161129,55.951779
1239,-3.162361,55.951572
1240,-3.16146,55.952601
1241,-3.160464,55.953057
1242,-3.160613,55.951984
1243,-3.160931,55.952591
1244,-3.161129,55.951779
1245,-3.162361,55.951572
1246,-3.16146,55.952601
1247,-3.160464,55.953057
1248,-3.160613,55.951984
1249,-3.160931,55.952591
1250,-3.161129,55.951779
1251,-3.162361,55.951572
1252,-3.16146,55.952601
1253,-3.160464,55.953057
1254,-3.160613,55.951984
1255,-3.160931,55.952591
1256,-3.161129,55.951779
1257,-3.162361,55.951572
1258,-3.16146,55.952601
1259,-3.160464,55.953057
1260,-3.160613,55.951984
1261,-3.160931,55.952591
1262,-3.161129,55.951779
1263,-3.162361,55.951572
1264,-3.16146,55.952601
1265,-3.160464,55.953057
1266,-3.160613,55.951984
1267,-3.160931,55.952591
1268,-3.161129,55.951779
1269,-3.162361,55.951572
1270,-3.16146,55.952601
1271,-3.160464,55.953057
1272,-3.160613,55.951984
1273,-3.160931,55.952591
1274,-3.161129,55.951779
1275,-3.162361,55.951572
1276,-3.16146,55.952601
1277,-3.160464,55.953057
1278,-3.160613,55.951984
1279,-3.160931,55.952591
1280,-3.161129,55.951779
1281,-3.162361,55.951572
1282,-3.16146,55.952601
1283,-3.160464,55.953057
1284,-3.160613,55.951984
1285,-3.160931,55.952591
1286,-3.161129,55.951779
1287,-3.162361,55.951572
1288,-3.16146,55.952601
1289,-3.160464,55.953057
1290,-3.160613,55.951984
1291,-3.160931,55.952591
1292,-3.161129,55.951779
1293,-3.162361,55.951572
1294,-3.16146,55.952601
1295,-3.160464,55.953057
1296,-3.160613,55.951984
1297,-3.160931,55.952591
1298,-3.161129,55.951779
1299,-3.162361,55.951572
1300,-3.16146,55.952601
1301,-3.160464,55.953057
1302,-3.160613,55.951984
1303,-3.160931,55.952591
1304,-3.161129,55.951779
1305,-3.162361,55.951572
1306,-3.16146,55.952601
1307,-3.160464,55.953057
1308,-3.160613,55.951984
1309,-3.160931,55.952591
1310,-3.161129,55.951779
1311,-3.162361,55.951572
1312,-3.16146,55.952601
1313,-3.160464,55.953057
1314,-3.160613,55.951984
1315,-3.160931,55.952591
1316,-3.161129,55.951779
1317,-3.162361,55.951572
1318,-3.16146,55.952601
1319,-3.160464,55.953057
1320,-3.160613,55.951984
1321,-3.160931,55.952591
1322,-3.161129,55.951779
1323,-3.162361,55.951572
1324,-3.16146,55.952601
1325,-3.160464,55.953057
1326,-3.160613,55.951984
1327,-3.160931,55.952591
1328,-3.161129,55.951779
1329,-3.162361,55.951572
1330,-3.16146,55.952601
1331,-3.160464,55.953057
1332,-3.160613,55.951984
1333,-3.160931,55.952591
1334,-3.161129,55.951779
1335,-3.162361,55.951572
1336,-3.16146,55.952601
1337,-3.160464,55.953057
1338,-3.160613,55.951984
1339,-3.160931,55.952591
1340,-3.161129,55.951779
1341,-3.162361,55.951572
1342,-3.16146,55.952601
1343,-3.160464,55.953057
1344,-3.160613,55.951984
1345,-3.160931,55.952591
1346,-3.161129,55.951779
1347,-3.162361,55.951572
1348,-3.16146,55.952601
1349,-3.160464,55.953057
1350,-3.160613,55.951984
1351,-3.160931,55.952591
1352,-3.161129,55.951779
1353,-3.162361,55.951572
1354,-3.16146,55.952601
1355,-3.160464,55.953057
1356,-3.160613,55.951984
1357,-3.160931,55.952591
1358,-3.161129,55.951779
1359,-3.162361,55.951572
1360,-3.16146,55.952601
1361,-3.160464,55.953057
1362,-3.160613,55.951984
1363,-3.160931,55.952591
1364,-3.161129,55.951779
1365,-3.162361,55.951572
1366,-3.16146,55.952601
1367,-3.160464,55.953057
1368,-3.160613,55.951984
1369,-3.160931,55.952591
1370,-3.161129,55.951779
1371,-3.162361,55.951572
1372,-3.16146,55.952601
1373,-3.160464,55.953057
1374,-3.160613,55.951984
1375,-3.160931,55.952591
1376,-3.161129,55.951779
1377,-3.162361,55.951572
1378,-3.16146,55.952601
1379,-3.160464,55.953057
1380,-3.160613,55.951984
1381,-3.160931,55.952591
1382,-3.161129,55.951779
1383,-3.162361,55.951572
1384,-3.16146,55.952601
1385,-3.160464,55.953057
1386,-3.160613,55.951984
1387,-3.160931,55.952591
1388,-3.161129,55.951779
1389,-3.162361,55.951572
1390,-3.16146,55.952601
1391,-3.160464,55.953057
1392,-3.160613,55.951984
1393,-3.160931,55.952591
1394,-3.161129,55.951779
1395,-3.162361,55.951572
1396,-3.16146,55.952601
1397,-3.160464,55.953057
1398,-3.160613,55.951984
1399,-3.160931,55.952591
1400,-3.161129,55.951779
1401,-3.162361,55.951572
1402,-3.16146,55.952601
1403,-3.160464,55.953057
1404,-3.160613,55.951984
1405,-3.160931,55.952591
1406,-3.161129,55.951779
1407,-3.162361,55.951572
1408,-3.16146,55.952601
1409,-3.160464,55.953057
1410,-3.160613,55.951984
1411,-3.160931,55.952591
1412,-3.161129,55.951779
1413,-3.162361,55.951572
1414,-3.16146,55.952601
1415,-3.160464,55.953057
1416,-3.160613,55.951984
1417,-3.160931,55.952591
1418,-3.161129,55.951779
1419,-3.162361,55.951572
1420,-3.16146,55.952601
1421,-3.160464,55.953057
1422,-3.160613,55.951984
1423,-3.160931,55.952591
1424,-3.161129,55.951779
1425,-3.162361,55.951572
1426,-3.16146,55.952601
1427,-3.160464,55.953057
1428,-3.160613,55.951984
1429,-3.160931,55.952591
1430,-3.161129,55.951779
1431,-3.162361,55.951572
1432,-3.16146,55.952601
1433,-3.160464,55.953057
1434,-3.160613,55.951984
1435,-3.160931,55.952591
1436,-3.161129,55.951779
1437,-3.162361,55.951572
1438,-3.16146,55.952601
1439,-3.160464,55.953057
1440,-3.160613,55.951984
1441,-3.160931,55.952591
1442,-3.161129,55.951779
1443,-3.162361,55.951572
1444,-3.16146,55.952601
1445,-3.160464,55.953057
1446,-3.160613,55.951984
1447,-3.160931,55.952591
1448,-3.161129,55.951779
1449,-3.162361,55.951572
1450,-3.16146,55.952601
1451,-3.160464,55.953057
1452,-3.160613,55.951984
1453,-3.160931,55.952591
1454,-3.161129,55.951779
1455,-3.162361,55.951572
1456,-3.16146,55.952601
1457,-3.160464,55.953057
1458,-3.160613,55.951984
1459,-3.160931,55.952591
1460,-3.161129,55.951779
1461,-3.162361,55.951572
1462,-3.16146,55.952601
1463,-3.160464,55.953057
1464,-3.160613,55.951984
1465,-3.160931,55.952591
1466,-3.161129,55.951779
1467,-3.162361,55.951572
1468,-3.16146,55.952601
1469,-3.160464,55.953057
1470,-3.160613,55.951984
1471,-3.160931,55.952591
1472,-3.161129,55.951779
1473,-3.162361,55.951572
1474,-3.16146,55.952601
1475,-3.160464,55.953057
1476,-3.160613,55.951984
1477,-3.160931,55.952591
1478,-3.161129,55.951779
1479,-3.162361,55.951572
1480,-3.16146,55.952601
1481,-3.160464,55.953057
1482,-3.160613,55.951984
1483,-3.160931,55.952591
1484,-3.161129,55.951779
1485,-3.162361,55.951572
1486,-3.16146,55.952601
1487,-3.160464,55.953057
1488,-3.160613,55.951984
1489,-3.160931,55.952591
1490,-3.161129,55.951779
1491,-3.162361,55.951572
1492,-3.16146,55.952601
1493,-3.160464,55.953057
1494,-3.160613,55.951984
1495,-3.160931,55.952591
1496,-3.161129,55.951779
1497,-3.162361,55.951572
1498,-3.16146,55.952601
1499,-3.160464,55.953057
1500,-3.160613,55.951984
1501,-3.160931,55.952591
1502,-3.161129,55.951779
1503,-3.162361,55.951572
1504,-3.16146,55.952601
1505,-3.160464,55.953057
1506,-3.160613,55.951984
1507,-3.160931,55.952591
1508,-3.161129,55.951779
1509,-3.162361,55.951572
1510,-3.16146,55.952601
1511,-3.160464,55.953057
1512,-3.160613,55.951984
1513,-3.160931,55.952591
1514,-3.161129,55.951779
1515,-3.162361,55.951572
1516,-3.16146,55.952601
1517,-3.160464,55.953057
1518,-3.160613,55.951984
1519,-3.160931,55.952591
1520,-3.161129,55.951779
1521,-3.162361,55.951572
1522,-3.16146,55.952601
1523,-3.160464,55.953057
1524,-3.160613,55.951984
1525,-3.160931,55.952591
1526,-3.161129,55.951779
1527,-3.162361,55.951572
1528,-3.16146,55.952601
1529,-3.160464,55.953057
1530,-3.160613,55.951984
1531,-3.160931,55.952591
1532,-3.161129,55.951779
1533,-3.162361,55.951572
1534,-3.16146,55.952601
1535,-3.160464,55.953057
1536,-3.160613,55.951984
1537,-3.160931,55.952591
1538,-3.161129,55.951779
1539,-3.162361,55.951572
1540,-3.16146,55.952601
1541,-3.160464,55.953057
1542,-3.160613,55.951984
1543,-3.160931,55.952591
1544,-3.161129,55.951779
1545,-3.162361,55.951572
1546,-3.16146,55.952601
1547,-3.160464,55.953057
1548,-3.160613,55.951984
1549,-3.160931,55.952591
1550,-3.161129,55.951779
1551,-3.162361,55.951572
1552,-3.16146,55.952601
1553,-3.160464,55.953057
1554,-3.160613,55.951984
1555,-3.160931,55.952591
1556,-3.161129,55.951779
1557,-3.162361,55.951572
1558,-3.16146,55.952601
1559,-3.160464,55.953057
1560,-3.160613,55.951984
1561,-3.160931,55.952591
1562,-3.161129,55.951779
1563,-3.162361,55.951572
1564,-3.16146,55.952601
1565,-3.160464,55.953057
1566,-3.160613,55.951984
1567,-3.160931,55.952591
1568,-3.161129,55.951779
1569,-3.162361,55.951572
1570,-3.16146,55.952601
1571,-3.160464,55.953057
1572,-3.160613,55.951984
1573,-3.160931,55.952591
1574,-3.161129,55.951779
1575,-3.162361,55.951572
1576,-3.16146,55.952601
1577,-3.160464,55.953057
1578,-3.160613,55.951984
1579,-3.160931,55.952591
1580,-3.161129,55.951779
1581,-3.162361,55.951572
1582,-3.16146,55.952601
1583,-3.160464,55.953057
1584,-3.160613,55.951984
1585,-3.160931,55.952591
1586,-3.161129,55.951779
1587,-3.162361,55.951572
1588,-3.16146,55.952601
1589,-3.160464,55.953057
1590,-3.160613,55.951984
1591,-3.160931,55.952591
1592,-3.161129,55.951779
1593,-3.162361,55.951572
1594,-3.16146,55.952601
1595,-3.160464,55.953057
1596,-3.160613,55.951984
1597,-3.160931,55.952591
1598,-3.161129,55.951779
1599,-3.162361,55.951572
1600,-3.16146,55.952601
1601,-3.160464,55.953057
1602,-3.160613,55.951984
1603,-3.160931,55.952591
1604,-3.161129,55.951779
1605,-3.162361,55.951572
1606,-3.16146,55.952601
1607,-3.160464,55.953057
1608,-3.160613,55.951984
1609,-3.160931,55.952591
1610,-3.161129,55.951779
1611,-3.162361,55.951572
1612,-3.16146,55.952601
1613,-3.160464,55.953057
1614,-3.160613,55.951984
1615,-3.160931,55.952591
1616,-3.161129,55.951779
1617,-3.162361,55.951572
1618,-3.16146,55.952601
1619,-3.160464,55.953057
1620,-3.160613,55.951984
1621,-3.160931,55.952591
1622,-3.161129,55.951779
1623,-3.162361,55.951572
1624,-3.16146,55.952601
1625,-3.160464,55.953057
1626,-3.160613,55.951984
1627,-3.160931,55.952591
1628,-3.161129,55.951779
1629,-3.162361,55.951572
1630,-3.16146,55.952601
1631,-3.160464,55.953057
1632,-3.160613,55.951984
1633,-3.160931,55.952591
1634,-3.161129,55.951779
1635,-3.162361,55.951572
1636,-3.16146,55.952601
1637,-3.160464,55.953057
1638,-3.160613,55.951984
1639,-3.160931,55.952591
1640,-3.161129,55.951779
1641,-3.162361,55.951572
1642,-3.16146,55.952601
1643,-3.160464,55.953057
1644,-3.160613,55.951984
1645,-3.160931,55.952591
1646,-3.161129,55.951779
1647,-3.162361,55.951572
1648,-3.16146,55.952601
1649,-3.160464,55.953057
1650,-3.160613,55.951984
1651,-3.160931,55.952591
1652,-3.161129,55.951779
1653,-3.162361,55.951572
1654,-3.16146,55.952601
1655,-3.160464,55.953057
1656,-3.160613,55.951984
1657,-3.160931,55.952591
1658,-3.161129,55.951779
1659,-3.162361,55.951572
1660,-3.16146,55.952601
1661,-3.160464,55.953057
1662,-3.160613,55.951984
1663,-3.160931,55.952591
1664,-3.161129,55.951779
1665,-3.162361,55.951572
1666,-3.16146,55.952601
1667,-3.160464,55.953057
1668,-3.160613,55.951984
1669,-3.160931,55.952591
1670,-3.161129,55.951779
1671,-3.162361,55.951572
1672,-3.16146,55.952601
1673,-3.160464,55.953057
1674,-3.160613,55.951984
1675,-3.160931,55.952591
1676,-3.161129,55.951779
1677,-3.162361,55.951572
1678,-3.16146,55.952601
1679,-3.160464,55.953057
1680,-3.160613,55.951984
1681,-3.160931,55.952591
1682,-3.161129,55.951779
1683,-3.162361,55.951572
1684,-3.16146,55.952601
1685,-3.160464,55.953057
1686,-3.160613,55.951984
1687,-3.160931,55.952591
1688,-3.161129,55.951779
1689,-3.162361,55.951572
1690,-3.16146,55.952601
1691,-3.160464,55.953057
1692,-3.160613,55.951984
1693,-3.160931,55.952591
1694,-3.161129,55.951779
1695,-3.162361,55.951572
1696,-3.16146,55.952601
1697,-3.160464,55.953057
1698,-3.160613,55.951984
1699,-3.160931,55.952591
1700,-3.161129,55.951779
1701,-3.162361,55.951572
1702,-3.16146,55.952601
1703,-3.160464,55.953057
1704,-3.160613,55.951984
1705,-3.160931,55.952591
1706,-3.161129,55.951779
1707,-3.162361,55.951572
1708,-3.16146,55.952601
1709,-3.160464,55.953057
1710,-3.160613,55.951984
1711,-3.160931,55.952591
1712,-3.161129,55.951779
1713,-3.162361,55.951572
1714,-3.16146,55.952601
1715,-3.160464,55.953057
1716,-3.160613,55.951984
1717,-3.160931,55.952591
1718,-3.161129,55.951779
1719,-3.162361,55.951572
1720,-3.16146,55.952601
1721,-3.160464,55.953057
1722,-3.160613,55.951984
1723,-3.160931,55.952591
1724,-3.161129,55.951779
1725,-3.162361,55.951572
1726,-3.16146,55.952601
1727,-3.160464,55.953057
1728,-3.160613,55.951984
1729,-3.160931,55.952591
1730,-3.161129,55.951779
1731,-3.162361,55.951572
1732,-3.16146,55.952601
1733,-3.160464,55.953057
1734,-3.160613,55.951984
1735,-3.160931,55.952591
1736,-3.161129,55.951779
1737,-3.162361,55.951572
1738,-3.16146,55.952601
1739,-3.160464,55.953057
1740,-3.160613,55.951984
1741,-3.160931,55.952591
1742,-3.161129,55.951779
1743,-3.162361,55.951572
1744,-3.16146,55.952601
1745,-3.160464,55.953057
1746,-3.160613,55.951984
1747,-3.160931,55.952591
1748,-3.161129,55.951779
1749,-3.162361,55.951572
1750,-3.16146,55.952601
1751,-3.160464,55.953057
1752,-3.160613,55.951984
1753,-3.160931,55.952591
1754,-3.161129,55.951779
1755,-3.162361,55.951572
1756,-3.16146,55.952601
1757,-3.160464,55.953057
1758,-3.160613,55.951984
1759,-3.160931,55.952591
1760,-3.161129,55.951779
1761,-3.162361,55.951572
1762,-3.16146,55.952601
1763,-3.160464,55.953057
1764,-3.160613,55.951984
1765,-3.160931,55.952591
1766,-3.161129,55.951779
1767,-3.162361,55.951572
1768,-3.16146,55.952601
1769,-3.160464,55.953057
1770,-3.160613,55.951984
1771,-3.160931,55.952591
1772,-3.161129,55.951779
1773,-3.162361,55.951572
1774,-3.16146,55.952601
1775,-3.160464,55.953057
1776,-3.160613,55.951984
1777,-3.160931,55.952591
1778,-3.161129,55.951779
1779,-3.162361,55.951572
1780,-3.16146,55.952601
1781,-3.160464,55.953057
1782,-3.160613,55.951984
1783,-3.160931,55.952591
1784,-3.161129,55.951779
1785,-3.162361,55.951572
1786,-3.16146,55.952601
1787,-3.160464,55.953057
1788,-3.160613,55.951984
1789,-3.160931,55.952591
1790,-3.161129,55.951779
1791,-3.162361,55.951572
1792,-3.16146,55.952601
1793,-3.160464,55.953057
1794,-3.160613,55.951984
1795,-3.160931,55.952591
1796,-3.161129,55.951779
1797,-3.162361,55.951572
1798,-3.16146,55.952601
1799,-3.160464,55.953057
1800,-3.160613,55.951984
1801,-3.160931,55.952591
1802,-3.161129,55.951779
1803,-3.162361,55.951572
1804,-3.16146,55.952601
1805,-3.160464,55.953057
1806,-3.160613,55.951984
1807,-3.160931,55.952591
1808,-3.161129,55.951779
1809,-3.162361,55.951572
1810,-3.16146,55.952601
1811,-3.160464,55.953057
1812,-3.160613,55.951984
1813,-3.160931,55.952591
1814,-3.161129,55.951779
1815,-3.162361,55.951572
1816,-3.16146,55.952601
1817,-3.160464,55.953057
1818,-3.160613,55.951984
1819,-3.160931,55.952591
1820,-3.161129,55.951779
1821,-3.162361,55.951572
1822,-3.16146,55.952601
1823,-3.160464,55.953057
1824,-3.160613,55.951984
1825,-3.160931,55.952591
1826,-3.161129,55.951779
1827,-3.162361,55.951572
1828,-3.16146,55.952601
1829,-3.160464,55.953057
1830,-3.160613,55.951984
1831,-3.160931,55.952591
1832,-3.161129,55.951779
1833,-3.162361,55.951572
1834,-3.16146,55.952601
1835,-3.160464,55.953057
1836,-3.160613,55.951984
1837,-3.160931,55.952591
1838,-3.161129,55.951779
1839,-3.162361,55.951572
1840,-3.16146,55.952601
1841,-3.160464,55.953057
1842,-3.160613,55.951984
1843,-3.160931,55.952591
1844,-3.161129,55.951779
1845,-3.162361,55.951572
1846,-3.16146,55.952601
1847,-3.160464,55.953057
1848,-3.160613,55.951984
1849,-3.160931,55.952591
1850,-3.161129,55.951779
1851,-3.162361,55.951572
1852,-3.16146,55.952601
1853,-3.160464,55.953057
1854,-3.160613,55.951984
1855,-3.160931,55.952591
1856,-3.161129,55.951779
1857,-3.162361,55.951572
1858,-3.16146,55.952601
1859,-3.160464,55.953057
1860,-3.160613,55.951984
1861,-3.160931,55.952591
1862,-3.161129,55.951779
1863,-3.162361,55.951572
1864,-3.16146,55.952601
1865,-3.160464,55.953057
1866,-3.160613,55.951984
1867,-3.160931,55.952591
1868,-3.161129,55.951779
1869,-3.162361,55.951572
1870,-3.16146,55.952601
1871,-3.160464,55.953057
1872,-3.160613,55.951984
1873,-3.160931,55.952591
1874,-3.161129,55.951779
1875,-3.162361,55.951572
1876,-3.16146,55.952601
1877,-3.160464,55.953057
1878,-3.160613,55.951984
1879,-3.160931,55.952591
1880,-3.161129,55.951779
1881,-3.162361,55.951572
1882,-3.16146,55.952601
1883,-3.160464,55.953057
1884,-3.160613,55.951984
1885,-3.160931,55.952591
1886,-3.161129,55.951779
1887,-3.162361,55.951572
1888,-3.16146,55.952601
1889,-3.160464,55.953057
1890,-3.160613,55.951984
1891,-3.160931,55.952591
1892,-3.161129,55.951779
1893,-3.162361,55.951572
1894,-3.16146,55.952601
1895,-3.160464,55.953057
1896,-3.160613,55.951984
1897,-3.160931,55.952591
1898,-3.161129,55.951779
1899,-3.162361,55.951572
1900,-3.16146,55.952601
1901,-3.160464,55.953057
1902,-3.160613,55.951984
1903,-3.160931,55.952591
1904,-3.161129,55.951779
1905,-3.162361,55.951572
1906,-3.16146,55.952601
1907,-3.160464,55.953057
1908,-3.160613,55.951984
1909,-3.160931,55.952591
1910,-3.161129,55.951779
1911,-3.162361,55.951572
1912,-3.16146,55.952601
1913,-3.160464,55.953057
1914,-3.160613,55.951984
1915,-3.160931,55.952591
1916,-3.161129,55.951779
1917,-3.162361,55.951572
1918,-3.16146,55.952601
1919,-3.160464,55.953057
1920,-3.160613,55.951984
1921,-3.160931,55.952591
1922,-3.161129,55.951779
1923,-3.162361,55.951572
1924,-3.16146,55.952601
1925,-3.160464,55.953057
1926,-3.160613,55.951984
1927,-3.160931,55.952591
1928,-3.161129,55.951779
1929,-3.162361,55.951572
1930,-3.16146,55.952601
1931,-3.160464,55.953057
1932,-3.160613,55.951984
1933,-3.160931,55.952591
1934,-3.161129,55.951779
1935,-3.162361,55.951572
1936,-3.16146,55.952601
1937,-3.160464,55.953057
1938,-3.160613,55.951984
1939,-3.160931,55.952591
1940,-3.161129,55.951779
1941,-3.162361,55.951572
1942,-3.16146,55.952601
1943,-3.160464,55.953057
1944,-3.160613,55.951984
1945,-3.160931,55.952591
1946,-3.161129,55.951779
1947,-3.162361,55.951572
1948,-3.16146,55.952601
1949,-3.160464,55.953057
1950,-3.160613,55.951984
1951,-3.160931,55.952591
1952,-3.161129,55.951779
1953,-3.162361,55.951572
1954,-3.16146,55.952601
1955,-3.160464,55.953057
1956,-3.160613,55.951984
1957,-3.160931,55.952591
1958,-3.161129,55.951779
1959,-3.162361,55.951572
1960,-3.16146,55.952601
1961,-3.160464,55.953057
1962,-3.160613,55.951984
1963,-3.160931,55.952591
1964,-3.161129,55.951779
1965,-3.162361,55.951572
1966,-3.16146,55.952601
1967,-3.160464,55.953057
1968,-3.160613,55.951984
1969,-3.160931,55.952591
1970,-3.161129,55.951779
1971,-3.162361,55.951572
1972,-3.16146,55.952601
1973,-3.160464,55.953057
1974,-3.160613,55.951984
1975,-3.160931,55.952591
1976,-3.161129,55.951779
1977,-3.162361,55.951572
1978,-3.16146,55.952601
1979,-3.160464,55.953057
1980,-3.160613,55.951984
1981,-3.160931,55.952591
1982,-3.161129,55.951779
1983,-3.162361,55.951572
1984,-3.16146,55.952601
1985,-3.160464,55.953057
1986,-3.160613,55.951984
1987,-3.160931,55.952591
1988,-3.161129,55.951779
1989,-3.162361,55.951572
1990,-3.16146,55.952601
1991,-3.160464,55.953057
1992,-3.160613,55.951984
1993,-3.160931,55.952591
1994,-3.161129,55.951779
1995,-3.162361,55.951572
1996,-3.16146,55.952601
1997,-3.160464,55.953057
1998,-3.160613,55.951984
1999,-3.160931,55.952591
2000,-3.161129,55.951779
2001,-3.162361,55.951572
2002,-3.16146,55.952601
2003,-3.160464,55.953057
2004,-3.160613,55.951984
2005,-3.160931,55.952591
2006,-3.161129,55.951779
2007,-3.162361,55.951572
2008,-3.16146,55.952601
2009,-3.160464,55.953057
2010,-3.160613,55.951984
2011,-3.160931,55.952591
2012,-3.161129,55.951779
2013,-3.162361,55.951572
2014,-3.16146,55.952601
2015,-3.160464,55.953057
2016,-3.160613,55.951984
2017,-3.160931,55.952591
2018,-3.161129,55.951779
2019,-3.162361,55.951572
2020,-3.16146,55.952601
2021,-3.160464,55.953057
2022,-3.160613,55.951984
2023,-3.160931,55.952591
2024,-3.161129,55.951779
2025,-3.162361,55.951572
2026,-3.16146,55.952601
2027,-3.160464,55.953057
2028,-3.160613,55.951984
2029,-3.160931,55.952591
2030,-3.161129,55.951779
2031,-3.162361,55.951572
2032,-3.16146,55.952601
2033,-3.160464,55.953057
2034,-3.160613,55.951984
2035,-3.160931,55.952591
2036,-3.161129,55.951779
2037,-3.162361,55.951572
2038,-3.16146,55.952601
2039,-3.160464,55.953057
2040,-3.160613,55.951984
2041,-3.160931,55.952591
2042,-3.161129,55.951779
2043,-3.162361,55.951572
2044,-3.16146,55.952601
2045,-3.160464,55.953057
2046,-3.160613,55.951984
2047,-3.160931,55.952591
2048,-3.161129,55.951779
2049,-3.162361,55.951572
2050,-3.16146,55.952601
2051,-3.160464,55.953057
2052,-3.160613,55.951984
2053,-3.160931,55.952591
2054,-3.161129,55.951779
2055,-3.162361,55.951572
2056,-3.16146,55.952601
2057,-3.160464,55.953057
2058,-3.160613,55.951984
2059,-3.160931,55.952591
2060,-3.161129,55.951779
2061,-3.162361,55.951572
2062,-3.16146,55.952601
2063,-3.160464,55.953057
2064,-3.160613,55.951984
2065,-3.160931,55.952591
2066,-3.161129,55.951779
2067,-3.162361,55.951572
2068,-3.16146,55.952601
2069,-3.160464,55.953057
2070,-3.160613,55.951984
2071,-3.160931,55.952591
2072,-3.161129,55.951779
2073,-3.162361,55.951572
2074,-3.16146,55.952601
2075,-3.160464,55.953057
2076,-3.160613,55.951984
2077,-3.160931,55.952591
2078,-3.161129,55.951779
2079,-3.162361,55.951572
2080,-3.16146,55.952601
2081,-3.160464,55.953057
2082,-3.160613,55.951984
2083,-3.160931,55.952591
2084,-3.161129,55.951779
2085,-3.162361,55.951572
2086,-3.16146,55.952601
2087,-3.160464,55.953057
2088,-3.160613,55.951984
2089,-3.160931,55.952591
2090,-3.161129,55.951779
2091,-3.162361,55.951572
2092,-3.16146,55.952601
2093,-3.160464,55.953057
2094,-3.160613,55.951984
2095,-3.160931,55.952591
2096,-3.161129,55.951779
2097,-3.162361,55.951572
2098,-3.16146,55.952601
2099,-3.160464,55.953057
2100,-3.160613,55.951984
2101,-3.160931,55.952591
2102,-3.161129,55.951779
2103,-3.162361,55.951572
2104,-3.16146,55.952601
2105,-3.160464,55.953057
2106,-3.160613,55.951984
2107,-3.160931,55.952591
2108,-3.161129,55.951779
2109,-3.162361,55.951572
2110,-3.16146,55.952601
2111,-3.160464,55.953057
2112,-3.160613,55.951984
2113,-3.160931,55.952591
2114,-3.161129,55.951779
2115,-3.162361,55.951572
2116,-3.16146,55.952601
2117,-3.160464,55.953057
2118,-3.160613,55.951984
2119,-3.160931,55.952591
2120,-3.161129,55.951779
2121,-3.162361,55.951572
2122,-3.16146,55.952601
2123,-3.160464,55.953057
2124,-3.160613,55.951984
2125,-3.160931,55.952591
2126,-3.161129,55.951779
2127,-3.162361,55.951572
2128,-3.16146,55.952601
2129,-3.160464,55.953057
2130,-3.160613,55.951984
2131,-3.160931,55.952591
2132,-3.161129,55.951779
2133,-3.162361,55.951572
2134,-3.16146,55.952601
2135,-3.160464,55.953057
2136,-3.160613,55.951984
2137,-3.160931,55.952591
2138,-3.161129,55.951779
2139,-3.162361,55.951572
2140,-3.16146,55.952601
2141,-3.160464,55.953057
2142,-3.160613,55.951984
2143,-3.160931,55.952591
2144,-3.161129,55.951779
2145,-3.162361,55.951572
2146,-3.16146,55.952601
2147,-3.160464,55.953057
2148,-3.160613,55.951984
2149,-3.160931,55.952591
2150,-3.161129,55.951779
2151,-3.162361,55.951572
2152,-3.16146,55.952601
2153,-3.160464,55.953057
2154,-3.160613,55.951984
2155,-3.160931,55.952591
2156,-3.161129,55.951779
2157,-3.162361,55.951572
2158,-3.16146,55.952601
2159,-3.160464,55.953057
2160,-3.160613,55.951984
2161,-3.160931,55.952591
2162,-3.161129,55.951779
2163,-3.162361,55.951572
2164,-3.16146,55.952601
2165,-3.160464,55.953057
2166,-3.160613,55.951984
2167,-3.160931,55.952591
2168,-3.161129,55.951779
2169,-3.162361,55.951572
2170,-3.16146,55.952601
2171,-3.160464,55.953057
2172,-3.160613,55.951984
2173,-3.160931,55.952591
2174,-3.161129,55.951779
2175,-3.162361,55.951572
2176,-3.16146,55.952601
2177,-3.160464,55.953057
2178,-3.160613,55.951984
2179,-3.160931,55.952591
2180,-3.161129,55.951779
2181,-3.162361,55.951572
2182,-3.16146,55.952601
2183,-3.160464,55.953057
2184,-3.160613,55.951984
2185,-3.160931,55.952591
2186,-3.161129,55.951779
2187,-3.162361,55.951572
2188,-3.16146,55.952601
2189,-3.160464,55.953057
2190,-3.160613,55.951984
2191,-3.160931,55.952591
2192,-3.161129,55.951779
2193,-3.162361,55.951572
2194,-3.16146,55.952601
2195,-3.160464,55.953057
2196,-3.160613,55.951984
2197,-3.160931,55.952591
2198,-3.161129,55.951779
2199,-3.162361,55.951572
